id,osm_id,lat,lon
0,60796641,6.9095744,79.8661687
1,60797501,6.9090823,79.8657847
2,61802753,6.9092855,79.8607536
3,127656771,6.9222339,79.8646203
4,127657253,6.9209688,79.862065
5,127657312,6.9186723,79.8613844
6,127657770,6.9135281,79.8648288
7,127657790,6.9153141,79.8648939
8,127658045,6.9166776,79.8679061
9,127658062,6.9164725,79.8688746
10,127658282,6.9146586,79.8695901
11,127658294,6.911448,79.8709444
12,127658816,6.9165768,79.8554673
13,127658870,6.9211804,79.8530074
14,191816795,6.9060062,79.8589998
15,208540781,6.9104676,79.8587803
16,248608270,6.9116,79.8671497
17,252542307,6.9188337,79.857196
18,255361132,6.9139438,79.8647247
19,255671532,6.917021,79.8550992
20,255671540,6.9186454,79.8562718
21,259648460,6.9152163,79.855985
22,266907986,6.9083548,79.8645535
23,269202175,6.9169424,79.8572449
24,269202338,6.9102238,79.8590015
25,269202453,6.9118677,79.8644769
26,269202456,6.9116395,79.8646664
27,269351942,6.9090918,79.8574538
28,270333409,6.9174929,79.8680828
29,617169300,6.9204412,79.8578214
30,617171631,6.919254,79.8573514
31,617172485,6.9185146,79.8580225
32,618033109,6.9080752,79.8648196
33,618279941,6.9149228,79.8602096
34,618279942,6.9157923,79.8593149
35,618286969,6.9165785,79.8592286
36,618747790,6.9197864,79.8536215
37,619188579,6.9077471,79.8643178
38,619274805,6.9229831,79.862826
39,619732375,6.9173705,79.8639353
40,619732378,6.9173577,79.8639661
41,619732382,6.9172161,79.8639674
42,619732389,6.9172791,79.8638317
43,619732393,6.9174375,79.8647485
44,619732407,6.9177137,79.8649727
45,619732410,6.9173734,79.8649131
46,619732438,6.9171953,79.8649038
47,619732442,6.9171647,79.8647031
48,619732443,6.9171815,79.8646816
49,619734847,6.9181163,79.8627158
50,620380125,6.9224021,79.8536102
51,620382088,6.9115391,79.8684447
52,620382092,6.9123032,79.8685529
53,635778722,6.9221386,79.8586008
54,637624617,6.9097364,79.8635605
55,637633686,6.9153023,79.8584501
56,637633701,6.9166155,79.8596526
57,646762530,6.9174028,79.8646837
58,646796985,6.9174962,79.8627531
59,653108582,6.9174033,79.8575894
60,653109310,6.9143835,79.8559204
61,653109313,6.9144292,79.8568321
62,653109314,6.9163577,79.857809
63,653109319,6.9167628,79.8561643
64,662875960,6.9228721,79.8620268
65,664420249,6.9172012,79.8639276
66,664420352,6.9169956,79.863837
67,665284526,6.9181959,79.8581402
68,666852574,6.9109131,79.8565729
69,670808586,6.9210399,79.853056
70,672152827,6.9147976,79.8575305
71,675890767,6.9100145,79.8570113
72,675891019,6.9094659,79.8572636
73,679004910,6.9143479,79.8656303
74,679004911,6.9134742,79.8655255
75,679004912,6.9126414,79.8660337
76,679004913,6.9134162,79.8661099
77,679004915,6.916187,79.8658042
78,679004916,6.9152626,79.8655888
79,679004917,6.9158174,79.8659312
80,679004918,6.9152264,79.8658247
81,679004922,6.9115569,79.8679285
82,679004923,6.9123331,79.867386
83,679004924,6.9116009,79.8671858
84,679004926,6.9119826,79.8680423
85,679004927,6.911555,79.8679829
86,679004928,6.910628,79.8679097
87,679007194,6.9114957,79.8699899
88,679007202,6.9158923,79.8670346
89,679007204,6.9168191,79.8672378
90,679007206,6.9159984,79.8690443
91,679007210,6.9163043,79.8662772
92,679007211,6.916992,79.8664213
93,679746549,6.915996,79.8624059
94,679746553,6.9159405,79.8624062
95,679746558,6.9158517,79.8623338
96,679746560,6.9158523,79.8622272
97,679749256,6.9169696,79.8636109
98,679749257,6.9138029,79.858057
99,679749338,6.9150035,79.8601664
100,679749960,6.9160946,79.8622835
101,679751864,6.913547,79.8575845
102,679751868,6.9132332,79.8579519
103,1278079598,6.9112097,79.858233
104,1278079600,6.9116439,79.8643856
105,1278079633,6.9116177,79.8644029
106,1278079635,6.9120186,79.858136
107,1278079706,6.9139839,79.8648301
108,1278079713,6.9140288,79.8647256
109,1280044911,6.9117452,79.8586618
110,1280044912,6.9101299,79.8591095
111,1280044917,6.9118364,79.8576784
112,1307336317,6.9117371,79.8581841
113,1307336320,6.9122882,79.8579933
114,1346377742,6.9159991,79.8621572
115,1346377747,6.9163457,79.862602
116,1346377753,6.9159001,79.8617956
117,1346379027,6.9159593,79.8596579
118,1346379028,6.9162388,79.8594999
119,1346379037,6.9116655,79.8580144
120,1583879162,6.9092992,79.8615766
121,1839445104,6.9094301,79.8624664
122,1839445106,6.9077165,79.8612551
123,1839445109,6.9095247,79.858398
124,1839445115,6.9083296,79.8586438
125,1839445122,6.908041,79.8579209
126,1839445123,6.9083113,79.8628512
127,1839445124,6.908238,79.8620265
128,1839445145,6.9069966,79.8612331
129,1839445181,6.9080152,79.8616161
130,1839445202,6.9085045,79.8588757
131,1839445218,6.9074245,79.8634494
132,1839445236,6.9092892,79.8619129
133,1839445237,6.9068011,79.8585879
134,1839445238,6.9093138,79.8573414
135,1839445241,6.9070091,79.8618388
136,1839445242,6.9077389,79.8617908
137,1839445243,6.9082704,79.8630617
138,1839445248,6.9065803,79.8595501
139,1839445251,6.909993,79.8581415
140,1839459786,6.9210922,79.8543985
141,1839459796,6.9187336,79.8575575
142,1839459803,6.9190326,79.8647743
143,1839459818,6.9198568,79.8663408
144,1839459841,6.9230568,79.8632488
145,1839459842,6.921858,79.8547966
146,1839459852,6.9216874,79.8643951
147,2083191643,6.9170405,79.8647064
148,2143730220,6.923085,79.8642293
149,2329107832,6.9229768,79.8620081
150,2407680843,6.9151181,79.8665574
151,2407680866,6.915866,79.8667231
152,2409510166,6.9129872,79.8703495
153,2409600776,6.9121537,79.8700995
154,2410566471,6.9122013,79.870385
155,2410566473,6.9121969,79.8706804
156,2410566474,6.9122529,79.8706581
157,2418775961,6.9115253,79.8689465
158,2418776023,6.9123344,79.8689624
159,2419528174,6.9133042,79.8702062
160,2419528175,6.913448,79.8704802
161,2419528176,6.9137822,79.8699888
162,2419532368,6.9103155,79.8675327
163,2419532369,6.9103246,79.8665712
164,2419532403,6.9136984,79.8700269
165,2419532404,6.9137493,79.8697017
166,2419545239,6.911511,79.8695052
167,2419545247,6.9115809,79.8674503
168,2419545294,6.9122928,79.8676164
169,2419545301,6.911953,79.8695301
170,2419586464,6.912736,79.8698708
171,2419586574,6.9130269,79.8700288
172,2419586582,6.9130431,79.8698659
173,2419586584,6.9130607,79.8696885
174,2419600679,6.9089422,79.8665768
175,2419600681,6.9090104,79.8668157
176,2419600685,6.9090295,79.866584
177,2419600689,6.9095545,79.8665945
178,2464933228,6.919922,79.8664534
179,2464933238,6.9188303,79.8669925
180,3136338274,6.917159,79.8656147
181,3150374991,6.9216634,79.8642946
182,3150374993,6.9220229,79.8640259
183,3164356590,6.9118509,79.8644413
184,3164393649,6.9129219,79.8556908
185,3191464509,6.9132211,79.8647328
186,3191466213,6.9152033,79.8600552
187,3237729274,6.9187834,79.8573676
188,3355393361,6.9115959,79.8646299
189,3355393375,6.9117687,79.8646782
190,3355393382,6.9117995,79.8646636
191,3355414806,6.9195538,79.8554258
192,3355434746,6.9183059,79.8578343
193,3355434752,6.9181644,79.8579422
194,3355435173,6.918471,79.8581363
195,3355435493,6.9182015,79.8578873
196,3747937098,6.9116446,79.861719
197,3747937102,6.9105166,79.8615461
198,3822140391,6.9099519,79.8633128
199,3822140401,6.9099888,79.8635703
200,3822223767,6.9187373,79.8614197
201,3830399255,6.9089893,79.8649741
202,3830399256,6.908518,79.8644417
203,3832039364,6.9163471,79.8694664
204,3893909443,6.9142419,79.8647346
205,3893909444,6.9141957,79.8645169
206,3893909450,6.9141609,79.8644074
207,3964854158,6.9138382,79.8678557
208,3964854159,6.9132545,79.8677374
209,3964854160,6.9143925,79.8667194
210,3964854161,6.9150656,79.8669008
211,3964854162,6.9140938,79.8663859
212,3964854163,6.9133985,79.866288
213,4047040875,6.9226225,79.8600392
214,4197383649,6.9116599,79.8581234
215,4567940766,6.9127352,79.8700345
216,4568328231,6.9126306,79.8696878
217,4709558096,6.910579,79.869282
218,4709558104,6.9115161,79.8692957
219,4742498231,6.9096984,79.8579541
220,4798968762,6.9110063,79.866809
221,5133722088,6.9079661,79.8594398
222,5133722090,6.9065387,79.8612456
223,5133722091,6.9083299,79.8634612
224,5133722092,6.907609,79.8638411
225,5138797403,6.9070987,79.8623962
226,5138797408,6.9079159,79.862701
227,5138797409,6.9072248,79.8628995
228,5138797410,6.9078,79.8622558
229,5144440167,6.9087027,79.86335
230,5144440168,6.9090876,79.8640154
231,5144542958,6.9090315,79.8632334
232,5144542965,6.9096805,79.863069
233,5375518022,6.9095405,79.8673021
234,5375518024,6.9095161,79.8680511
235,5375518025,6.9104253,79.8677784
236,5375518026,6.9095204,79.86777
237,5375518027,6.9100754,79.8683696
238,5375518028,6.909504,79.8683756
239,5375536059,6.911496,79.8698977
240,5375536062,6.9108523,79.8701265
241,5375536093,6.9109867,79.8673724
242,5375536094,6.9107792,79.8667435
243,5375536095,6.910768,79.8672433
244,5375536097,6.9095234,79.8676807
245,5635884161,6.9143303,79.8677127
246,5635884165,6.9143486,79.8675327
247,5635884169,6.9150042,79.8673473
248,5635884172,6.9143788,79.8654595
249,5635884173,6.9144285,79.864848
250,5635884174,6.9152929,79.8687891
251,5635884175,6.9152136,79.8693462
252,5635884176,6.9157642,79.8684846
253,5635884177,6.9156573,79.8691703
254,5635884183,6.9158254,79.8674402
255,5635884187,6.9167636,79.8675172
256,5635884188,6.9157136,79.8663864
257,5635884189,6.9151637,79.8662606
258,5782052635,6.9127048,79.8675158
259,5782052636,6.9132686,79.867596
260,5782052637,6.9128138,79.8669481
261,5782052638,6.9133252,79.8670257
262,5782052643,6.9107449,79.8687231
263,5782052644,6.9115308,79.8687531
264,6177024438,6.9104481,79.865229
265,6177024439,6.9108062,79.8654194
266,6177024440,6.9105893,79.8653054
267,6177024441,6.9110608,79.8644361
268,6234042653,6.923071,79.8646769
269,6234042654,6.9230502,79.8644005
270,6234042655,6.9230939,79.8644182
271,6234042658,6.9189951,79.8646785
272,6234042666,6.919475,79.8646065
273,6234042673,6.9216707,79.8643124
274,6234042681,6.9227429,79.8646573
275,6234044312,6.923,79.864672
276,6234164269,6.9139039,79.8648276
277,6234353185,6.9187665,79.8613544
278,6234353188,6.9195118,79.8596917
279,6234353190,6.9228805,79.8620925
280,6234353191,6.9194851,79.861868
281,6234353198,6.9209673,79.8621235
282,6234353216,6.9189208,79.8608779
283,6234353217,6.918991,79.8609068
284,6234353218,6.9187036,79.8613169
285,6277534245,6.911678,79.8581554
286,6277539949,6.9113041,79.8583343
287,6388455752,6.913906,79.8558373
288,6520270956,6.9105978,79.8567294
289,6520280607,6.9107982,79.8566284
290,6520280608,6.9106455,79.8561243
291,6520595396,6.9106199,79.8578076
292,6524645093,6.9175287,79.8601469
293,6524645097,6.9150997,79.8603492
294,6524645112,6.9180154,79.8580584
295,6524681176,6.911925,79.8558476
296,6524681177,6.9118935,79.8565657
297,6524681178,6.9114639,79.8563093
298,6658651345,6.919093,79.856276
299,6658651346,6.9189726,79.8566047
300,6658743457,6.9172473,79.8617931
301,6658743459,6.9160755,79.8621054
302,6658760271,6.9073117,79.8583282
303,6658788179,6.9063189,79.8593582
304,6781928645,6.9227203,79.8542293
305,7053715738,6.9186669,79.8615622
306,7053715743,6.9189869,79.8616097
307,7832550472,6.9109582,79.8583802
308,7851208177,6.9170724,79.8620256
309,7851208178,6.9162848,79.8624717
310,8701260315,6.9111264,79.8668551
311,8984354412,6.9212263,79.8561407
312,9180242955,6.9176772,79.8648389
313,9243057490,6.9071899,79.859997
314,9243057496,6.907368,79.8601114
315,9415532348,6.9149361,79.8677975
316,9628046175,6.9119114,79.8561554
317,9734329673,6.917516,79.8638879
318,9981050817,6.9083067,79.8649409
319,10035915708,6.9100965,79.8634734
320,10219037634,6.9174302,79.8575554
321,10219037642,6.9168173,79.8561558
322,10219037645,6.9166325,79.8554243
323,10219037658,6.916864,79.8565029
324,10219037659,6.916804,79.8565079
325,10219037660,6.9168232,79.8567313
326,10219037661,6.916887,79.8567239
327,10219037662,6.9169876,79.8572066
328,10219037663,6.9171083,79.8573556
329,10219037664,6.9170694,79.8573993
330,10629326906,6.9187464,79.8668387
331,10682149765,6.9116398,79.8669109
332,10682149766,6.9116376,79.8669725
333,10682149772,6.9115577,79.8669048
334,10682149773,6.9115582,79.8669677
335,10823477964,6.9192877,79.8538277
336,10880095739,6.9173334,79.8642821
337,11021738379,6.9134559,79.8657097
338,11021738380,6.9143303,79.8658794
339,11541825548,6.9229869,79.8620739
340,11541825553,6.9218817,79.862815
341,11541825556,6.921762,79.8622268
342,11622362973,6.9191885,79.862457
343,12810953726,6.9156575,79.8563797
344,13167532340,6.9082024,79.864709
345,13439847247,6.9158068,79.8570529
346,13680517127,6.9096101,79.8626552
347,13680517128,6.9094856,79.8625974
348,13683818544,6.9135222,79.8696399
349,13683818545,6.9130698,79.869597
350,13683818549,6.9124105,79.8658365
351,13683818550,6.9116909,79.8657883
352,13683818553,6.9144209,79.8680963
353,13683818555,6.9149032,79.8680163
354,13683818556,6.9145733,79.8662643
355,13683818557,6.9151464,79.8663835
356,13683858337,6.9111883,79.8674539
357,13683858338,6.911227,79.8668893
358,13683858339,6.9109174,79.8664004
359,13683858340,6.9108009,79.8667498
360,13692124480,6.9172969,79.863833
361,13692201508,6.9173663,79.8649174
362,13692201509,6.9172276,79.8649229
